model_year,milage,price
2013,51000,10300
2021,34742,38005
2022,22372,54598
2015,88900,15500
2021,9835,34999
2016,136397,14798
2017,84000,31000
2001,242000,7300
2021,23436,41927
2020,34000,69950
2021,27608,73897
2019,22770,184606
2021,12500,53500
2022,18196,62000
2020,15903,47998
2013,79800,29990
2021,1685,250000
2013,61074,16800
2003,74000,11000
2018,35250,68750
2023,5400,60000
2000,133510,4500
2020,25990,38598
2023,2823,58504
2021,52000,61000
2022,11650,32300
2016,96541,13998
2021,17500,59995
2015,69000,25700
2017,81880,21375
2018,28800,48000
2006,300183,10900
2020,35035,24998
2011,171000,5999
2016,118700,46900
2017,119000,15900
2018,44261,33598
2012,125575,8999
2007,16200,8200
2014,70000,20000
2011,20200,79950
2023,2978,45498
2007,189719,14000
2019,9949,75798
2022,3552,119999
2012,54000,36880
2021,51351,43147
2017,24280,29000
2016,89148,17500
2017,73043,30990
2017,60000,52500
2016,73549,20848
2005,110900,19500
2013,39000,73000
2016,120000,19800
2009,134602,7500
2023,1094,30999
2010,83500,6500
2014,37060,28500
2010,97700,10995
2018,40000,42000
2018,8940,144900
2014,186000,10000
2021,13180,23998
2014,104000,21000
2023,8500,67900
2019,19069,69998
2023,6090,46900
2022,4900,99000
2019,47523,31000
2006,43000,19995
2017,14684,130000
2019,57800,55999
2023,952,49950
2019,21240,59950
2019,59338,42499
2023,255,359991
2019,23230,44999
2017,48000,30000
2005,41059,11100
2020,21240,37998
2015,11500,72000
2021,9950,53950
2023,633,47999
2015,66000,15900
2014,59715,45000
2012,85252,18500
2020,17900,80000
2016,25500,55000
2004,210703,2300
2023,3800,34000
2022,36602,31995
2023,2800,92000
2021,2165,279950
2018,33000,29900
2016,76009,24950
2020,31349,39366
2015,48000,32900
2005,91420,8900
2003,124756,4995
2023,2415,104900
2012,116226,7900
2020,37869,75950
2019,41500,86000
2013,87001,17995
2022,4451,55655
2020,27158,39998
2014,139804,14500
2022,27300,47500
2014,36812,27000
2016,144000,18000
2019,44500,28900
2021,10917,73998
2005,8332,47350
2020,51247,47698
2016,69000,36500
2021,147834,32662
2013,105000,6600
2011,92203,9995
2010,15600,69500
2018,104700,30775
2010,72348,9995
2023,2500,94000
2022,13177,44798
2016,96000,23000
2011,93009,22495
2016,52750,28998
2020,25361,49998
2015,98527,9995
2023,1300,86900
2017,87305,9000
2012,72922,25999
2015,41000,30000
2021,42125,27899
2016,62000,40000
2006,153843,9950
2019,35248,53998
2015,194454,9888
2021,21000,89999
2013,18494,86900
2006,218000,12990
2021,67800,36500
2014,79000,42999
2022,24906,63998
2006,66840,12000
2013,86000,32000
2023,654,34599
2005,75000,12500
2015,84000,22800
2017,52500,39999
2011,120000,7500
2020,18665,35645
2016,19987,149900
2017,36486,23950
2013,162100,12500
2022,13079,47000
2022,28377,36999
2020,32744,24000
2012,54000,26000
2008,202055,8500
2019,65000,65000
2022,9686,30990
2010,49620,10499
1997,213000,26500
2020,16010,114000
2023,820,51998
2021,68000,36499
1999,82000,25000
2022,27352,27785
2012,129000,7000
2014,106731,30000
2019,34672,45500
2010,55900,8950
2023,3158,128900
2015,82000,17000
2023,4785,42850
2021,20497,22999
2013,177600,7100
2014,78568,15500
2018,95000,43000
2018,4529,417500
2021,25240,39951
2011,88300,11500
2013,98000,27499
2018,20675,76000
2008,95000,10900
2010,107000,6250
2016,60000,24700
2012,33000,34999
2023,500,60000
2016,108500,63500
2017,37800,149500
2018,74422,44798
2019,55621,34562
2021,46707,32541
2022,26500,65900
2020,10001,47214
2019,19050,76900
2020,52000,35800
2014,65000,54999
2004,140000,6730
2018,75600,14950
2015,117292,12000
2005,1897,429998
2017,26000,33600
2022,2071,99950
2014,15629,61900
2008,15020,18500
2022,11322,119900
2016,50361,65998
2013,115000,36000
2005,28500,63500
2018,51700,32000
2008,148949,3900
2018,39300,31750
2008,82323,28500
2023,3574,34998
2001,109357,12749
2004,46000,18853
2007,123112,104999
2007,37100,16900
2016,89000,14500
2022,1240,53900
2019,67073,47999
2015,28700,24900
2023,8200,93999
2018,41000,108900
2018,98995,34998
2012,123815,5000
2011,6330,1950995
2020,61341,34084
2016,96473,15599
2017,66107,31331
2008,114287,9900
2015,75000,14500
2016,45800,36800
2021,12172,35999
2016,70582,35000
2014,33088,49750
2021,1850,49000
2008,94155,10500
2016,25000,17999
2016,99500,27995
2009,158564,8750
2023,20000,78499
2018,46711,20850
2017,46496,41000
2019,19800,53800
2008,175000,37900
2016,61500,63500
2016,49750,65000
2007,38800,100000
2011,83765,8995
2023,7388,105500
2023,278,359991
2022,1966,75900
2021,50648,23995
1993,231500,29500
2021,13692,257000
2013,60058,15000
2017,54423,33950
2022,24001,47498
2022,14735,50998
2023,2425,42998
2022,2050,94999
2019,64855,46995
2022,16238,62479
2022,18051,47995
2004,36524,14900
2022,14896,39998
2022,14048,29999
2003,224000,3900
2014,80581,26000
2007,81400,11000
2019,6700,63000
2015,143000,22500
2017,87842,18688
2010,116451,16500
2019,53677,27900
2021,12000,77500
2019,20034,43998
2020,32000,68000
2014,70312,19995
2022,8794,54000
2010,156000,5900
2020,25568,134999
2018,67100,34250
2014,52000,37000
2011,137200,12000
2018,36000,32000
2023,15500,24500
2020,10906,96998
2019,49814,26545
2015,846,86999
2021,67039,34645
2023,2636,28535
2018,50166,43550
2017,37375,27500
2021,21600,31000
2019,9500,69000
2005,143095,16000
2002,80000,8500
2021,3000,275000
2007,5856,45000
2013,2958,488880
2022,28927,74900
2022,4102,144664
2021,14442,38500
2005,64000,12995
2004,154000,10000
2015,54000,27000
2007,232492,6000
2020,25721,52645
2020,20927,35998
2021,2353,159500
2022,9325,33610
2020,61001,28616
2018,71962,46900
2023,5800,29990
2016,40080,28499
2020,57000,36500
2022,7624,31985
2004,122000,9999
2023,459,36998
2016,62500,40500
2013,72000,17500
2020,8375,69900
2020,40000,53000
2014,77000,30000
2019,19593,159998
2020,35902,22966
2013,800,9800
2023,2600,239995
2023,6204,79998
2020,69185,37405
2015,45000,41900
2020,37426,39998
2011,137000,8500
2016,85000,18500
2023,4000,73900
2023,4648,47598
2018,52100,38000
2014,50100,10795
2020,41000,32400
2021,70968,34000
2015,26600,53000
2022,15443,84500
2018,95000,18000
2005,94000,19500
2020,45076,57998
2014,110000,11000
2016,49083,21590
2017,63500,27500
2009,21500,18000
2023,324,199998
2019,68166,20818
2018,53607,31853
2019,16813,45900
2020,18200,29500
2015,51000,102000
2018,16400,42800
2022,7000,75500
2022,8497,52900
2016,68000,20000
2022,2523,288900
2007,83000,8995
2018,25000,50000
2021,15689,97952
2014,125450,17200
2023,9822,50998
2008,144000,22000
2020,30900,27654
2021,2492,41598
2015,126760,14000
2017,100680,20500
2001,90400,4495
2022,26895,29800
2018,20500,67000
2011,134000,10500
2015,84352,10000
2022,19000,71000
2015,115550,17500
2009,191775,9750
2023,923,46998
2017,124630,75000
2019,17000,95000
2018,73500,32000
1998,120000,5500
2019,73837,36340
2014,29500,40999
2021,13613,29798
2023,1185,120990
2015,143250,11500
2006,46508,11500
2015,18651,59549
2019,36438,39998
2014,46628,15363
2023,5700,95000
2015,57550,29995
2017,48600,60999
2020,119000,18000
2020,36500,72000
2010,121250,13250
2023,2437,78350
2018,110380,22000
2008,149000,3850
2021,14684,37995
2017,39000,39000
2019,65212,42995
2020,41856,91500
2023,655,94500
2019,54000,33000
2019,26500,53900
2020,38356,36598
2020,21487,35345
2007,99000,22999
2019,35597,47756
2005,130307,9950
2010,178000,7600
2003,160265,3000
2020,8700,185000
2016,1000,36000
2022,29800,58900
2017,49750,27995
2002,121000,6348
2005,140000,2000
2018,66770,21500
2016,61549,19998
2016,38100,21000
2010,138071,5000
2019,40000,72000
2022,41545,71998
2019,47850,127899
2014,128000,11000
2019,48156,40368
2021,4700,99900
2017,39071,67900
1999,96680,12900
2017,53500,33999
2007,11025,47500
2021,44000,73000
2022,11000,27900
2012,103000,16000
2024,456,128995
2018,64000,37300
2017,108000,25999
2018,37045,26600
2023,5433,95998
2019,28744,50998
2015,65800,44950
2021,850,314900
2019,33012,38000
2011,107818,11400
2016,79500,19000
2015,20000,124990
2018,37000,63997
2022,11945,38998
2005,131800,5800
2008,146000,8995
2010,29000,29000
2004,141209,5700
2016,85253,19995
2015,87009,17800
2023,4348,105900
2016,158000,19780
2020,10500,36000
2018,45843,37000
2021,15198,31621
2001,220000,5500
2017,58000,51500
2020,30424,44998
2021,38012,45277
2023,2500,91000
2021,11078,91900
2018,50000,65000
2019,58000,38000
2023,3415,54998
2018,61000,65000
2019,48500,43500
2018,65680,34900
2020,44362,50658
2019,18603,42900
2020,35999,59598
2021,8044,93000
2016,9738,85500
2009,112000,28000
2009,167300,6250
2022,115,449995
2015,71000,35999
2020,31015,36570
2022,33000,29999
2017,63000,20000
2013,68325,11995
2020,20937,104900
2021,34365,48000
2018,32000,44900
2020,40237,36998
2020,22500,50000
2020,58700,48999
2006,264893,5000
2005,209500,8500
2023,195,87500
2016,120000,19500
2022,14676,33000
2021,33704,42998
2023,2950,87000
2021,17994,87500
2020,44101,45423
2021,25918,32000
2008,87000,15300
2018,28333,20500
2018,29294,39999
2008,37000,14995
2005,138000,9950
2020,44487,65000
2021,16878,38781
2022,30177,46598
2021,53000,67100
2021,61308,42000
2013,99200,11495
2022,32117,33299
2013,79341,16800
2007,220000,5750
2021,16900,43000
2007,75137,24999
2021,37594,62595
2023,250,94000
2021,12771,42598
2012,6400,48000
2021,69548,36300
2009,79893,15900
2014,124838,33000
2020,14353,63900
2022,22985,33500
2014,161894,18900
2008,25025,39000
2017,16701,107998
2017,19650,69250
2020,29500,45000
2007,132272,6700
2012,122000,13500
2022,18185,31755
2018,56450,13999
2012,102000,4200
2022,18428,83998
2023,535,65990
2013,81648,15900
2003,138202,22550
2004,69600,37900
2018,39900,53600
2021,36500,85000
2018,42650,31990
2020,68816,35297
2016,91188,29995
2015,116210,31900
2022,3077,44998
2024,3880,52991
2017,67482,11499
2018,67726,52000
2008,207000,10500
2021,35550,25987
2016,44000,46599
2015,11249,54500
2014,111650,17500
2019,18526,67999
2012,103272,15500
2023,1160,73600
2019,107714,34918
2013,111773,17000
2019,54002,22500
2016,87000,13000
2016,49700,31700
2017,34500,64600
2021,31729,29614
2021,7388,43663
2017,41550,20995
2018,44486,25625
2013,20750,33000
2022,12000,41000
2021,14206,98000
2022,31700,43500
2022,13044,24999
2009,100730,6975
2023,5338,76500
2014,85149,23598
2018,48291,67250
2001,111887,14000
2010,79000,69000
2016,125000,26500
2022,13777,39777
2022,14920,41741
2022,14627,56740
2010,90050,5800
2014,45000,25000
1998,7666,39500
2006,89900,29994
2021,14724,101998
2011,132000,10999
2010,32652,6500
2018,36632,72567
2022,11164,37500
2020,22655,63999
2019,9500,135000
2021,10300,29900
2018,48000,54000
2007,138000,10000
2022,24058,81900
2016,31500,67000
2020,19701,55998
2022,10200,50500
2008,62378,33995
2006,84200,10200
2013,138700,18800
2021,41050,62900
2020,39192,24590
2022,7758,47998
2021,31654,33410
2017,63000,42000
2005,257700,3550
2017,57000,29500
2017,89000,29999
2015,134500,28000
2022,15895,47950
2020,15109,162950
2022,398,695000
2022,20319,44249
1999,158000,2500
2021,40906,51998
2020,33749,85998
2023,1120,92900
2021,26088,38383
2022,14950,24000
2018,47466,14699
2022,10376,98900
2021,18500,41950
2021,24596,38322
2021,2905,27599
2015,71290,21000
2022,15000,63000
2017,37900,22000
2022,2000,244896
2019,32500,43500
2003,61491,28000
2013,77634,24590
2015,83000,18999
2002,121800,4300
2020,65852,68998
2023,1335,272950
2014,83315,15000
2019,18421,85000
2015,101000,16500
2022,29322,44999
2019,23900,35999
2016,40515,47999
2020,67516,36994
2010,155000,8300
2019,26998,35557
2018,18500,115000
2009,137600,6880
2005,125500,3950
2019,22039,113990
2011,137483,3200
2019,67500,40500
2020,52000,53722
2006,10000,259000
2017,195361,26000
2018,32500,103000
2019,14806,81330
2022,11000,48950
2011,92530,18500
2017,34845,30000
2018,16280,85500
2011,77000,32000
2010,63000,38500
2016,39700,25500
2013,103111,9200
2019,75897,35998
2017,55000,34000
2005,114000,13450
2011,80124,17500
2023,7000,144900
2023,4285,65688
2019,17175,234900
2017,34049,37999
2019,16000,39990
1996,95000,25000
2020,59355,72995
2022,31000,36000
2019,19300,36000
2009,155000,16900
2010,120010,6500
2012,152520,10900
1993,58981,9599
2005,32000,2954083
2015,47000,50000
2023,2046,43499
2021,24965,22995
2005,108000,7850
2015,76000,18300
2014,30000,78500
2015,59271,29900
2023,1500,119500
2017,52500,24950
2020,23100,36495
2017,45000,22500
2002,179000,6500
2023,1500,84900
2022,38671,66998
2007,135465,15750
2014,79000,17000
2012,42259,17000
2006,159890,6500
2023,2200,75000
2022,15833,52000
2013,96000,13500
2009,72900,15500
2021,7121,94998
2023,3402,44000
2013,73000,13900
2018,21000,51000
2021,30309,63598
2021,24000,38000
2016,73000,23999
2019,26465,24998
2020,26870,34645
2004,184000,10500
2022,4514,132998
2022,1300,48000
2018,49924,26500
2019,36526,57850
2015,37000,45950
2017,79884,24840
2016,30000,19000
2021,11102,101000
2012,105500,19000
2019,31157,65998
2019,86204,20708
2014,80211,17995
2010,25991,69995
2008,73000,8400
2018,40989,35000
2010,102681,6000
2010,123000,13888
2005,160900,7200
2011,105000,21900
2023,1340,41000
2021,17850,41999
2011,72277,34950
2023,7000,46000
2022,10627,99000
2020,67015,28590
2018,19600,62000
2022,5800,42500
2017,33812,14999
2015,99897,26950
2014,127500,29000
2021,23842,59203
2023,2108,91000
2014,65550,39985
2017,22000,210000
2022,15600,68995
2021,22400,81900
2015,89150,31900
2023,15000,81000
2018,49500,25000
2003,126000,13850
2015,85385,15550
2023,3000,123999
2018,66126,19190
2023,1075,35000
2023,2489,98900
2021,25000,28500
2017,92000,20900
2008,123500,14500
2013,105000,12000
2008,49000,63000
2020,28357,47598
2018,81000,32000
2021,45000,52000
2011,173456,16000
2021,13700,60000
2019,93400,42500
2015,90000,18200
2017,40600,32000
2023,20121,47124
2020,3921,175000
2011,187450,10400
2021,6400,68000
2017,54500,37995
2017,78500,42000
2018,75000,36000
2014,89988,42500
2005,107000,7100
2019,21400,28500
2007,83150,6950
2018,92000,36500
2021,15042,54599
2017,39000,35000
2017,67483,46500
2015,62089,29975
2017,54300,53500
2022,30565,29000
2016,142666,22000
2009,166200,6999
2015,88977,19977
2011,114890,20990
2009,171000,4750
2019,90067,28590
2014,97579,15000
2017,52000,20500
2021,25968,38405
2016,41680,17495
2002,77200,7500
2019,50000,43000
2021,21613,58998
2022,17377,39998
2020,30426,29645
2005,153000,6500
2004,56600,23000
2015,116612,12700
2018,72000,30000
2019,39000,50000
2008,149000,10099
2018,19300,64000
2021,27836,36969
2023,3273,78999
2017,74349,36000
2019,85000,55000
2022,2250,259500
2017,46100,33000
2019,49500,28000
2012,31130,23500
2008,149460,12240
2003,90000,15500
2021,48000,57000
2013,98000,15500
2022,18655,38698
2006,60000,24950
2014,169500,15000
2008,189500,6000
2016,91000,68500
2022,7396,41299
2004,229450,8250
2023,8603,125900
2014,49098,44900
2022,21212,28906
2010,62743,28600
2021,24300,49999
2010,104000,19500
2020,46250,27800
2023,1930,40655
2022,61494,35850
2020,24040,35273
2001,231581,4300
2019,81000,38500
1974,6217,115000
2022,23568,44998
2020,78700,18000
2015,109580,11900
2009,178000,4500
2016,131193,11970
2017,106000,25900
2019,28211,27500
2015,91403,14998
2016,88600,16800
2011,84900,22450
2021,11154,28998
2018,45090,30750
2003,33272,11900
2003,71000,12499
2020,55400,36500
2012,141525,14490
2007,50000,21900
2020,29140,71995
2022,9000,56900
2021,5595,83598
2022,34121,48190
2013,36750,35999
2007,49626,12000
2017,45000,16500
2019,69350,36000
2022,8307,98900
2023,4106,84645
1999,184700,36950
2018,57500,41900
2021,29000,39650
2015,61675,19000
2021,33300,45000
2014,62950,17498
2015,56675,19750
2013,92000,23000
2005,96000,12000
2014,33500,23000
2020,16754,112000
2007,53249,9250
2016,119000,12500
2021,29336,36999
2017,86000,41000
2014,177000,40500
2013,93500,15900
2018,47700,54999
2003,97496,24500
2022,16120,26599
2005,147589,2800
2013,95570,22000
2018,45791,52000
2016,60000,25950
2019,50000,18795
2019,33481,43999
2010,107000,5900
2011,60000,37000
2016,55000,28000
2022,4004,25500
2009,57800,59400
2022,10972,217950
2022,27858,197750
2018,31678,106798
2016,47144,29950
2011,165454,4000
2018,98000,25500
2020,39913,22749
2013,147191,12990
2014,53600,25980
2010,100100,17000
2020,1750,199995
2020,2750,104500
2013,40800,35500
2018,36798,49500
2021,77699,49883
2010,87500,14900
2020,93000,38500
2018,41515,28251
2019,19000,33242
2023,1539,76373
2018,31090,68000
2022,21701,25099
2016,97726,15998
2015,73000,34000
2020,23600,31900
2016,8755,166900
2019,20500,67900
2013,57912,18750
2009,35000,18500
2023,7089,29895
2019,35469,30890
2022,14676,46787
2022,13750,79999
2015,13300,62500
2017,117000,27000
2020,27100,50000
2017,89352,20989
2018,100000,8500
2020,16000,75500
2023,15200,62999
2012,39960,38995
2008,119000,13500
2022,10971,29998
2014,118500,11500
2021,8288,45899
2023,2950,74500
2017,73000,78000
2005,82000,14900
2019,7874,38999
2017,49105,39750
2023,5500,40000
2005,36700,26000
2014,40000,34000
2017,78110,17500
2015,74864,19780
2021,15350,93500
2010,46100,72999
2018,61454,31000
2020,45241,54500
2018,48000,27000
2010,68500,18500
2019,43433,51899
2005,122961,20995
2014,92861,19750
2016,72000,21400
2019,6929,649999
2003,83000,10500
2021,18031,39599
2023,8200,78900
2020,19000,74900
2022,12875,42599
2015,32000,36000
2013,61145,37500
2022,9612,43900
2023,3534,143998
2011,152000,14000
2012,129567,7000
2019,36000,41995
2009,92008,12500
1998,63900,10300
2012,150900,17500
2019,43000,50000
2018,38020,63998
2021,14750,61059
2015,52500,23000
2017,207571,21000
2020,39000,29900
2011,66000,28000
2017,93500,16000
2018,7200,64000
2022,1220,238900
2023,8421,90000
2020,25520,84900
2020,30554,41999
2023,17000,54900
2011,41314,30999
2020,49899,64500
2012,186268,4500
2016,51335,25995
2019,10400,99750
2020,20622,142998
2022,19376,45861
2020,12245,187900
2006,77000,57000
2013,40000,24000
2012,113000,10000
2022,7600,46000
2022,20400,29900
2019,115000,39000
2012,239000,7000
2014,62194,32998
2020,22138,38598
2017,48900,62500
2014,21800,117000
2016,68200,16750
2001,139000,7000
2021,76100,130000
2022,14330,54998
2019,41906,45999
2016,164000,21500
2013,161933,7945
2022,22829,34580
2023,5483,59950
2020,46891,31000
2019,72000,39000
2020,3400,129900
2021,18000,30000
2021,30630,39998
2007,24985,33580
2023,9978,93999
2018,18500,77999
2021,72843,79990
2017,67500,20000
2020,43534,65990
2017,36900,28500
2017,61720,39998
2022,35938,43329
2023,10748,63100
2023,4457,107900
2018,108206,26498
2020,32705,46598
2020,74026,32913
2020,24651,45950
2022,13000,69000
2023,11700,133500
2015,77500,54000
2007,82000,7999
2017,1389,489995
2021,29830,55329
2016,83100,17800
2019,62660,16500
2018,56006,59000
2021,31365,52998
2004,27600,14900
2012,47245,19600
2017,73948,31990
2019,36757,31953
2023,4786,48000
2023,1900,78900
2014,52060,15000
2008,58000,41500
2010,52246,26095
2016,64290,16999
2009,37500,21500
2023,2121,40750
2013,57000,26000
2020,22000,69500
2023,2000,66500
2018,61802,32000
2010,73000,17500
2013,110000,7500
2013,106700,13500
2013,75965,35999
2022,31804,48995
1992,125800,11500
2005,116320,6000
2011,156875,9900
2023,197,85000
2020,35200,28500
2014,76000,19000
2019,29000,34500
2019,33499,44495
2019,25779,30999
2015,76296,9500
2014,29553,12800
2011,109902,4500
2019,23083,33500
2003,143600,4199
2021,22000,54800
2022,13000,81500
2018,53000,28000
2019,44741,52999
2008,202000,5700
2006,215000,6995
2019,77138,49998
2018,90641,25999
2011,177702,7700
2018,58350,29497
2010,86170,17000
2012,36568,20199
2015,54357,16250
2015,20394,59598
2023,7578,31113
2010,64800,20900
2016,117780,27750
2019,33100,18200
2016,86202,18750
2012,163000,19550
2004,35400,24900
2018,31000,22000
2018,103069,40998
2021,22480,135800
2016,91000,39500
2010,41500,44800
2010,91545,13000
2022,4100,162500
2006,110000,5000
2016,88000,18500
2018,42833,37000
2020,23278,114998
1993,106983,15300
2015,60100,24995
2022,17381,69685
2013,63172,12995
2010,72000,10900
2022,4820,47500
2014,67900,25990
2018,51000,38000
2013,54500,35000
2006,61840,16500
2006,28950,16750
2002,300000,5000
2011,103400,17000
2023,816,109900
2016,719,489000
2023,3678,81998
2016,107000,22000
2022,5018,114998
2010,13850,71400
2008,46700,11400
2021,21478,27798
2020,64200,20499
2006,31075,36250
2022,25250,47800
2020,35400,71950
2004,74030,16000
2021,48549,69998
2023,5182,32500
2019,31681,33500
2020,23430,80998
2015,30300,29000
2016,112000,14599
2014,127356,19990
2017,50600,28890
2011,194000,9950
2021,33455,44750
2022,43000,35750
2016,46102,35300
2019,59000,21000
2004,134000,9500
2020,3715,150000
2012,100245,24000
2022,8583,42999
2003,141800,5700
2012,77000,13800
2018,67035,31500
2012,61450,19500
2015,39500,52590
2020,6600,128900
2023,2300,51500
2023,10601,61998
2018,18000,67000
2022,31681,67963
2020,24114,49427
2022,22109,43389
2012,148000,18000
2018,41000,60200
2009,127600,19500
2005,138450,19000
2013,230000,15500
2017,53649,33000
2012,174000,11999
2022,49860,47645
2021,13650,75000
2016,134000,13500
2014,78000,68000
2005,65750,21750
2021,18000,94000
2007,121630,9450
2023,4500,89999
2022,9408,61999
2016,120000,16000
2016,168600,29500
2004,43705,25900
2013,111000,11500
2012,64549,17000
2007,53000,6500
2017,13465,44900
2023,5844,52000
2015,74000,40000
2011,100331,6900
2022,24850,53568
2021,17467,43860
2015,115000,11995
2015,72000,26500
2008,162000,6500
2017,47589,45500
2023,6548,41999
2018,10339,36990
2021,32092,35113
2014,85275,23998
2016,138000,10990
2003,87500,16999
2013,34920,38900
2020,27224,65999
2018,25000,52000
2021,14642,48500
2015,162000,13999
1996,119500,16999
2017,101800,36500
2021,84351,42691
2012,26930,6700
2019,40698,42886
2020,40000,112500
2019,30000,29000
2007,78980,10600
2007,28844,69995
2020,21028,96900
2023,5409,88950
2020,12700,69900
2021,19000,25900
2019,12000,48000
2016,25717,33900
2022,12055,44400
2011,69700,23000
2020,25013,55000
2023,1156,54900
2016,57939,27500
2018,52694,49999
2015,54000,37000
2002,110500,27000
2000,97500,10000
2020,20909,35387
2013,77648,40000
2013,79422,64000
2002,53850,16900
2020,21832,42000
2017,41932,18700
2017,110000,34999
2020,67400,47500
2017,62662,24000
2015,102000,18000
2014,79785,16488
2017,166549,24950
2006,190656,8900
2016,7928,37500
2009,135606,15000
2023,14700,39900
2019,12985,96000
2014,4200,64995
2017,44000,23500
2015,66000,12000
2021,17945,89900
2013,106700,17500
2020,120000,55000
2012,59600,19900
2012,117220,8900
2022,85200,67500
2018,63450,24325
2004,73000,22500
2014,115000,11495
2016,56000,49900
2018,67296,40900
2015,179200,16000
2015,28000,44999
2003,155000,55000
2012,154000,8500
2012,62500,18955
2000,177700,2500
2019,83700,26000
1995,120000,6500
2012,65000,21500
2018,62808,38598
2021,3000,49500
2012,119000,12000
2013,198868,25000
2011,188000,8500
2013,157405,10750
2016,8228,62500
2018,73101,42950
2018,10950,60995
2018,63160,47000
2019,31866,68900
2009,75000,18900
2016,98000,36000
2012,33576,18900
2012,123200,12449
2013,112000,8800
2010,68000,19500
2012,120000,14500
2019,45000,46999
2022,6700,39500
2021,6785,108900
2015,40900,59750
2018,74150,45000
2014,94448,15999
2015,108000,19998
2012,118000,17000
2020,38800,57500
2017,55000,40000
2021,34967,49999
2016,85325,30000
2018,63750,36000
2016,87248,19999
1997,206000,15900
2011,112854,11999
2023,1150,96850
2023,10000,48000
2022,14100,53000
2023,14360,85495
2023,10000,32000
2015,217500,20000
2021,73846,60995
2020,40000,45000
2023,9980,82000
2019,41997,24995
2021,2000,39000
2016,42750,22999
2019,19473,31698
2019,35340,23000
2008,93000,12000
2014,66150,47995
2022,19352,54599
2020,81000,64800
2011,183000,16000
2004,44000,24999
2021,18100,51800
2011,40000,20000
2011,120000,31999
2023,325,84997
2017,55000,39100
1996,233000,7500
2021,6987,749950
2019,48500,44999
2018,52000,50000
2007,179000,17900
2019,42626,42000
2018,65900,34700
2022,7523,54543
2019,34365,59598
2021,16949,24995
2022,7968,104999
2018,61000,57500
2018,100564,23105
2022,13700,39500
2021,38612,42242
2005,155000,7995
2017,56000,35750
2022,15107,114900
2022,44459,22945
2017,31000,38000
2012,44000,22222
2018,22558,47645
2003,116157,14250
2018,23500,50000
2008,28150,31000
2016,137500,29500
2021,2284,157500
2023,350,195000
2017,169000,13000
2018,17761,243900
2010,8949,30000
2020,25108,66000
2016,103000,33999
2003,87600,32000
2022,1087,279000
2015,76753,15999
2019,10500,79500
2011,199000,9250
2007,127980,9999
2023,16307,71400
2021,13566,57900
2022,22588,52598
2019,41452,22500
2019,57500,32990
2020,500,70000
2014,55000,30000
2021,8210,55000
2021,18160,46850
2013,4279,70000
2013,39748,54995
1998,160000,12490
2013,65000,20500
2016,59000,25000
2022,22700,47000
2018,56578,20900
2010,153332,10000
2013,89700,17999
2002,118600,5230
2021,23400,52000
2015,110000,29000
2008,87888,11990
2015,73800,26999
2015,78124,21500
2015,91000,19000
2003,114000,10700
2015,76000,21000
2008,146500,30000
2007,26021,53999
2015,73000,17200
2009,153000,8700
2003,67550,30000
2004,170000,8500
2017,53000,47500
2019,54900,48500
2016,89000,24000
2022,6200,49000
2021,51808,42388
2013,89000,12500
1999,86111,3500
2018,45203,39853
2022,14739,61900
2017,139105,17550
2010,45014,109499
2011,101000,18500
2016,93000,30000
2013,62500,16000
2008,75000,29000
2015,34455,28000
2010,130000,15500
2014,76170,16500
2010,194500,9500
2008,135000,5699
2021,33000,26999
2010,98700,10340
2018,72900,35500
2016,135000,20000
2022,2550,60000
2020,35289,35470
2022,14636,46599
2005,24847,13046
2019,29558,25884
2023,6581,59900
2020,22000,83999
2017,68200,15750
2023,2800,175000
2019,51300,48295
2008,133500,18500
2012,49000,19900
2008,125470,8000
2008,81219,8500
1999,72000,12250
2019,19500,25000
2017,20561,105000
2016,33655,62900
2015,135140,23500
2015,73000,17999
2017,55000,58000
2013,87000,10000
2006,137825,4000
2008,184421,5000
2015,95000,14900
2022,26468,27875
2003,55050,34995
2021,54200,23800
2002,109762,15000
2012,92080,14500
2023,1798,53000
2006,167500,14500
2023,2500,84000
2016,77000,24000
2019,19850,24000
2023,3400,57000
2021,3596,56900
2009,130200,28900
2017,48200,24998
2016,183544,22000
2016,14900,39000
2022,4200,65994
2012,15698,19000
2022,1750,65500
2022,34800,46000
2020,35580,46998
2006,71400,14990
2003,9260,22000
2023,28500,67800
2008,91900,8900
2004,130000,7500
2013,56860,21995
2017,44300,20784
2014,120000,20000
2013,72500,31450
2017,72000,24200
2011,132000,11000
2018,7585,599000
2022,18500,42000
2002,42000,15999
2023,4624,56998
2006,106000,19500
2022,13610,27450
2019,16876,209900
2023,8911,77430
2021,48641,43666
2021,11250,70250
2007,126000,9000
2008,77750,21000
2020,27363,35000
2019,30951,80140
2023,208,89000
2021,20386,32999
2018,45253,24995
2016,144000,18400
2004,76163,20500
2015,61300,20150
2017,35698,8750
2010,27000,22500
2015,162000,11500
2008,77800,28500
2014,55000,19250
2022,12000,65999
2017,70579,42250
2010,107000,17500
2021,42653,38998
2008,193783,10000
2014,123000,18000
2011,130000,7000
2009,143346,3000
2015,112465,11995
2023,5121,28196
2012,137273,11000
2023,299,92500
2018,70780,35700
2018,55000,37900
2017,23151,84500
2013,152000,8500
2020,23344,36999
2016,87092,19500
2004,90625,5500
2021,44373,36000
2021,26000,37000
2018,20760,55500
2021,39102,51798
2019,39615,28900
2019,58000,36500
2013,148000,10000
2011,104000,20900
2013,46150,17000
2022,18860,74500
2017,28399,55600
1998,136500,6999
2005,95170,24900
2006,95450,42000
2022,7652,39998
2011,169000,10999
2022,16744,46999
2020,1025,299000
2004,152000,7999
2020,46000,54999
2022,8000,85000
2016,14770,254900
2016,84421,36800
2022,4760,229000
2021,44691,56900
2022,11700,33000
2019,2800,91000
2010,58000,8000
2009,142500,6999
2007,191900,9750
2016,63398,19500
2008,162750,7200
2012,38383,36949
2022,1837,179900
2022,36294,77535
2011,90818,8300
2018,32000,22999
2019,94650,37000
2014,49899,72999
2011,55000,35000
2015,23700,42800
2018,46000,59500
2020,12118,52900
2001,64000,21000
2022,22169,57352
2020,1575,469900
2021,46897,69000
2022,3369,139500
2011,135000,9999
2015,125000,15000
2017,134000,32999
2014,143250,12999
2017,82975,31000
2016,91700,13999
2018,72393,35000
2016,71000,21500
2012,160900,15000
2020,40208,38000
2017,77300,30000
2017,16700,26500
2013,112000,9999
2016,55250,49999
2020,69000,31450
2023,1560,599995
2016,40570,30490
2020,46500,35200
2000,26900,35000
2021,5779,41329
2023,12000,54000
2022,30301,68420
2023,600,91995
2001,22300,28500
2023,9275,43900
2004,171750,12998
2013,76500,28000
2018,49000,42995
2011,75000,74000
2007,133300,3000
2007,99700,8500
2011,126700,14000
2016,28000,36995
2012,21300,38500
2019,92000,51900
2018,92149,52889
2015,25756,49995
2021,24534,21900
2018,58100,53499
2017,20220,32324
2019,40069,27500
2017,60930,23750
2019,7300,27900
2018,34000,25000
2012,56000,18000
2014,136000,12000
2020,31100,26999
2012,12100,37900
2021,51902,57480
2007,93000,10995
2016,99915,26500
2022,7661,49599
2007,177000,10750
2008,100900,6999
2017,107380,17500
2021,32957,77900
2016,45000,16500
2013,67000,15500
2021,12600,47000
2018,24882,59800
2020,6900,43500
2019,66075,23754
2021,68050,29600
2017,128000,50000
2021,9472,51000
2009,185963,5100
2019,52000,19500
2015,68653,18950
2004,151896,7900
2019,43671,44950
2017,72128,45985
2013,134207,5500
2020,26470,29900
2018,82300,35000
2015,124000,24000
2020,23823,49995
2002,222600,4999
2021,9500,279900
2014,154247,12500
2008,128000,23500
2008,70000,13000
1995,123000,10999
2016,52375,48600
2016,100574,17500
2014,85000,11250
2023,3959,48998
2021,10400,72900
2019,19200,41500
2013,81000,13000
2022,17451,77900
2011,165000,4000
2024,124,145000
2013,117500,6500
2018,72500,60000
2023,265,279950
2020,21214,117900
2014,55564,22500
2023,1090,68750
2019,43500,30000
2019,35000,83000
2017,92031,30000
2016,128032,18000
2018,18800,26000
2023,2900,117500
2017,91600,26000
2019,91843,30500
2021,28105,32455
2017,73350,37000
2022,11875,41598
2018,47000,49900
2017,67000,23000
2016,117660,19500
2001,71448,10500
2015,86000,29500
2020,15324,33364
2013,29400,29000
2017,68871,28450
2012,126000,17999
2007,25718,17900
2015,67210,51950
2018,27214,40950
2019,42728,45950
2010,97395,6699
2015,91700,12000
2011,94500,27000
2014,196300,10995
2015,54259,19425
2021,36267,39798
2015,175000,19500
2015,159000,26900
2016,74000,32000
2011,82963,20995
2019,54323,27998
2019,59980,29000
2022,10120,39998
2017,25000,65000
2012,126000,12700
2020,37428,61599
2014,99499,15000
2012,90742,12980
2014,125000,22500
2018,71669,20000
2019,44692,32368
2018,16002,74900
2014,86000,41500
2019,56000,42000
1993,168000,7000
2017,41789,42500
2014,60109,9499
2020,48000,49995
2008,122000,11500
2012,102800,16000
2022,15544,28000
2019,69771,27500
2023,2118,41998
2021,28260,72950
2020,6025,27500
2018,32697,15900
2001,239000,8000
2017,34150,45999
2022,9642,38999
2006,100545,5995
2021,11111,38998
2007,162000,23977
2020,87555,31650
2015,102200,25000
2013,18950,77999
2015,16000,30500
2022,19250,86999
2015,65000,24995
2007,110022,6250
2012,79089,46999
2023,2533,64900
2014,96273,15495
2020,22187,45480
2009,137000,20000
2009,60747,71999
2007,36500,16000
2021,19590,54999
2015,16850,95000
2021,4500,105000
2012,194000,4900
2020,48210,47449
2018,81500,41250
2021,77107,39995
2015,58664,20950
2004,145000,8950
2018,15055,59000
2015,67647,28000
2021,915,159000
2003,46873,11500
2021,53169,81500
2022,35700,51900
2014,112600,13000
2015,112552,24440
2003,127273,15000
2007,189887,3995
2012,76465,22500
2007,136400,6750
2004,79635,13500
2022,4665,46598
2011,170000,4000
2018,67650,30000
2016,119850,19000
2008,116500,15999
1993,120644,4200
2010,169802,9985
2021,36905,50000
2022,8400,47000
2003,149961,12500
2014,84500,41500
2016,3254,399900
2016,96000,65000
2009,88000,57000
2011,35322,94900
2020,32500,32000
2016,71280,22000
2011,37200,27500
2008,94291,14500
2006,54082,17000
2022,7800,66000
2016,86250,22000
2016,75479,27899
2017,24650,50000
2013,102750,20000
2018,50000,27500
2017,72700,27499
2018,54293,49000
2018,16000,30500
2006,19500,129000
2014,71000,16700
2019,60000,36500
1998,75539,11995
2017,36000,21000
2019,76422,28998
2016,42600,31950
2023,211,99000
2017,98888,29000
2019,64532,19395
2011,75500,12975
2019,32000,27000
2019,47839,24991
2013,98413,34900
2022,9628,78500
1999,15000,16370
2021,6397,172900
2022,22564,44998
2015,110000,28000
2022,105,200000
2004,186117,13000
2002,103500,12500
2019,8074,76700
2011,43000,50900
2015,70700,23000
2022,42479,28495
2000,205000,9950
2019,22300,38999
2017,104000,19995
2022,13865,29182
2022,15882,84995
2022,12209,104900
2021,10483,60998
2017,31150,113000
2015,44000,12700
2003,109000,17500
2020,31350,62450
2021,30000,62000
2012,66500,19950
2012,96600,17000
2015,198000,14000
2013,91877,24000
2018,45578,45023
2015,54000,19996
2020,52000,55000
2020,23044,72598
2008,132500,35000
2006,256000,4000
2009,31370,65700
2008,67303,4900
2021,12000,99900
2023,16500,54000
2018,28800,42900
2019,88000,39900
2018,18515,60867
2018,92813,30499
2023,2100,172000
2019,58600,29000
2015,74500,33900
2018,33500,51900
2023,222,69000
2007,75124,16499
2013,15500,45000
2020,34300,52500
2019,82000,32471
2023,3389,38598
2023,10000,145000
2005,96000,4999
2021,7751,41950
2017,66250,59200
2012,109000,14945
2015,60000,17000
2020,14700,63000
2022,9006,56999
2022,13400,33499
2020,28570,55998
2018,78000,44700
2013,134000,29995
2013,104994,9000
2016,31500,103900
2020,30000,28900
2023,490,124999
2020,18000,105000
2017,67000,37999
2021,8263,29000
2021,35003,40999
2008,80000,31000
2022,6200,99999
2014,74595,32450
2013,87066,20999
2019,38360,49936
2020,38000,41999
2018,69641,23995
2022,1275,47999
2001,60000,25000
2014,99450,21000
2023,200,82500
2016,68000,32950
2010,212000,9450
2019,73091,58500
2023,9400,31500
2014,117697,16975
2015,95428,55000
2017,116300,31950
2019,56778,41899
2023,5682,48698
2017,37000,31000
2015,103748,8500
2005,86000,22500
2013,125900,21000
2023,6200,48000
2019,85000,52500
2017,19324,75000
2018,49273,54000
2019,42094,32000
2017,44000,55000
2012,148377,5500
2010,70000,22000
2016,143290,33490
2019,69205,73500
2015,123500,25650
2018,70773,30950
2015,109000,7599
2014,71097,18995
2013,76309,12000
2018,26609,36998
2023,4126,155000
1996,160490,15500
2014,80400,15000
2010,123620,9900
2011,187883,5500
2020,45000,133000
2022,25420,24500
2011,129999,29999
2008,41048,38490
2010,72500,6750
2014,143390,13000
2018,68425,23500
2018,95000,33000
2019,29000,49500
2003,145000,22000
2020,29700,68000
2011,98658,14995
2009,97615,10500
2014,36000,37000
2021,61874,22389
2012,74582,8500
2013,51500,23900
2007,193827,14950
2019,53433,36950
2012,103000,40000
2016,59000,20999
2017,82000,32900
2016,60000,45000
2017,93971,47000
2015,62600,27500
2014,84450,19000
2022,18099,40798
2014,76500,17999
2017,74000,19800
2022,15607,45999
2014,111095,26000
2007,37216,14995
2015,25786,38500
2021,15520,40459
2021,49583,42816
2015,97300,29995
2002,89000,10400
2015,52111,37500
2019,75800,35998
2010,113500,11000
2015,155382,13500
2016,49643,33995
2015,76474,32000
2016,10431,50999
2009,190120,12500
2020,92000,29999
2017,24000,32000
2020,25396,43250
2001,167000,6500
2022,18645,49700
2018,28470,147500
2016,54000,23999
2003,83000,2900
2022,10071,40598
2021,43329,43642
2015,51400,43000
2015,153800,23000
2022,9000,115000
2003,10800,65499
2020,10458,48815
2014,84709,13800
2019,33500,45770
2015,98000,32999
2008,94653,7300
2023,9281,85000
2023,11806,47000
1993,70015,22500
2020,48613,61500
2023,2990,69900
2005,124747,6900
2021,24000,42000
2009,113000,5499
2017,89106,18000
2017,22000,53000
2022,20472,28298
2023,8600,78990
2022,4753,57000
2010,65000,8900
2021,15000,43500
1997,229000,19500
2014,42400,26500
2023,15840,69900
2016,76200,42000
2019,105667,39000
2019,51338,49900
2016,76857,8100
2019,80200,42500
2002,244200,3950
2014,38560,28500
2020,12500,84999
2016,45303,20999
2014,110000,9495
2011,66200,16499
2003,71000,14900
2019,81301,30275
2019,7033,63900
2020,36000,62000
2010,116000,9000
2018,42780,41100
2014,39886,26000
2014,151400,15400
2017,48000,20500
2023,8727,44596
2011,79000,80300
2020,54000,34000
2016,110000,25900
2020,49688,24900
2020,14000,48000
2023,5000,110000
2022,11597,68590
2017,86101,72777
2017,58816,36590
2016,77856,30919
2021,20069,229900
2015,115282,12433
2016,30700,138999
2003,103726,5995
2008,39800,13250
2019,79500,33333
2008,165520,9000
2014,92000,24000
2023,1500,55000
2008,38100,19950
2018,42125,38999
2014,86818,33500
2023,3490,95580
2008,111300,7900
2011,98200,27000
2018,42500,53999
2001,171000,15000
2023,11649,39999
2013,24933,40250
2007,99769,29995
2022,16156,39390
2008,67250,11900
2021,30022,74500
2017,42596,78000
2021,33705,36995
2016,63300,31000
2023,4700,52000
2020,27256,42998
2010,107481,13500
2018,61700,25900
1995,94000,4500
2017,128000,26800
2018,26000,39000
2015,74000,29950
2012,54900,28900
2012,141775,11500
2001,63250,12000
2022,13895,44998
2017,10654,449991
2014,35900,27900
2022,48306,71999
2012,125000,10500
2016,37700,38000
2017,103000,36000
2021,45303,25382
2016,53900,27500
2008,54000,20000
2007,129000,17950
2022,10232,44646
2023,3708,58998
2018,167000,14500
2019,37000,58000
2022,10419,24998
2014,96238,22500
2022,12700,38500
2007,244000,16900
2015,124000,25000
2009,123000,15000
2022,24900,49900
2016,95500,20000
2021,4283,479995
2021,48300,82000
2008,94000,25999
2011,183000,12000
2013,126225,11500
2016,87892,16000
2012,45000,41500
2022,1023,156900
2015,106000,37500
2019,51300,25500
2021,30176,28979
2021,27598,39884
2012,107000,9499
2019,17500,65000
2017,117878,42000
2010,138700,7000
2009,152068,12350
2016,77000,26999
2017,26000,37000
2014,131200,14000
2017,83280,20599
2015,59000,53500
2020,15500,30000
2013,90000,19950
2006,94000,10995
2008,63750,55000
2011,95500,15990
2019,37900,26000
2015,13250,154900
2019,76249,40995
2001,81000,39000
2022,37806,60894
2010,151544,17700
2012,60345,26950
2010,90305,12000
2022,13275,42599
2018,8660,45000
2021,28220,73600
2015,97700,39950
2023,4200,98000
2020,27404,199991
2016,100000,24000
2001,333361,17000
2018,63295,29993
2022,3000,96500
2014,102604,25500
2017,39800,99000
2019,124000,40100
2022,12080,36750
2018,39300,69500
2019,51000,29000
2023,250,97500
2017,67000,35999
2014,95400,14195
2013,136991,11000
2022,3959,55000
2020,47500,31000
2005,176691,13000
2021,33000,55000
2014,34600,27500
2014,84500,34000
2022,36100,37500
2015,92225,17000
2020,17500,25695
2011,114323,6000
2014,92000,27500
2018,29025,29998
2021,17000,65000
2015,96476,13000
2021,36311,39127
2016,56842,35000
2021,23677,29510
2020,27340,31700
2020,26177,41986
2009,122348,10000
2015,98000,22500
2019,32300,29000
2019,18997,26750
2016,40350,67995
2011,156856,14300
2022,1919,289991
2017,61773,46000
2011,74500,22000
2016,99000,5000
2008,63496,15000
2022,18465,47500
2007,42635,72995
2005,99000,18900
2013,87500,13750
2007,138000,6800
2018,70891,28995
2020,55403,29444
2022,3213,89995
2005,142314,21999
2013,53000,36740
2014,120250,7500
2015,72329,29500
2007,153692,9995
2021,32670,37000
2018,235000,18000
2022,8681,82000
2012,98400,18000
2023,1400,46500
2018,32000,29999
1997,92800,9000
2021,75151,130000
2008,94000,12500
2014,67350,18700
2001,66500,21000
2014,70612,14500
2007,112630,11500
2014,124705,6499
2018,61000,34000
2017,157272,32999
2015,84000,20399
2020,27981,47500
2009,18000,63000
2019,27123,38200
2021,3053,83900
2015,60251,19000
2021,5093,28000
2018,31875,115785
2005,175722,7000
2015,17900,59900
2015,142792,22999
2001,53814,11800
2010,89400,26900
2007,86000,15000
2008,61595,5000
2018,74000,38000
2004,130000,16500
2015,86000,29000
2008,140600,7500
2018,27532,27900
2017,91000,12500
2014,63000,28500
2022,10500,49999
2014,75073,21500
2008,140000,9000
2019,30300,30500
2009,139000,4200
2006,118000,17900
2015,51000,53000
2009,69423,36500
2017,52284,12500
2006,111228,4000
2019,52300,49900
2021,95993,32612
2022,26716,47541
2023,39517,67190
2019,31600,41000
2017,83298,18300
2017,95212,31599
2010,61600,51750
2011,130921,12000
2020,41000,45515
2024,1500,90000
2017,79950,17390
2021,31500,95000
2017,61000,140000
2021,45867,43449
2014,22700,85500
2009,43000,48500
2015,99000,27000
2006,135000,16900
2019,46000,29000
2014,79615,10995
2021,13250,86900
2019,41200,60500
2016,116500,30500
1993,75980,90200
2018,24059,87150
2015,118500,15400
2020,15097,99998
2018,20000,43000
2020,10426,30798
2023,9500,63500
2006,134000,8500
2022,10500,32500
2018,53100,17500
2017,80134,13895
2021,24000,25500
2006,61000,10299
2021,19700,48000
2018,28182,84500
2017,59500,21000
1999,115402,8000
2018,85500,35899
2020,51000,44900
2021,17500,45000
2011,132000,9999
2016,67882,32798
2018,62000,30500
2016,12454,210000
2017,27965,58000
2013,119000,20500
2018,48000,32000
2020,5541,56598
2018,29000,19500
2010,131100,12995
2015,102242,11498
2016,18069,79999
2023,13000,31900
2008,51000,69500
2007,137333,10000
2014,125559,11200
2020,88161,48889
2016,101900,29000
2015,159500,18800
2015,68860,15000
2018,43000,30499
2017,182000,16500
2022,21404,49500
2017,81000,27000
2021,62257,42590
2016,91798,22998
2011,82000,20000
2012,207100,15000
2023,450,124000
2016,77945,30000
2022,15583,40599
2017,37100,26125
2006,51000,18000
2017,94000,26000
2003,121886,6000
2008,157500,15000
2014,138415,15500
2012,110000,10200
2023,8532,109900
2021,12941,51500
2009,69764,19500
2003,90000,24000
2022,8193,42598
2020,43277,43599
2018,26500,38000
2019,36021,35670
2019,25462,36139
2018,35850,33000
2008,77700,6300
2021,23600,42999
2019,8870,215000
2001,122000,7800
2003,245000,17999
2022,4700,134000
2016,84100,34000
2021,33000,40000
2018,10065,59999
2018,3811,148500
2021,44457,40598
2013,139355,20900
2010,9100,55000
2019,10500,77900
2023,5006,59590
2013,55000,18000
2021,33500,71000
2014,126500,15000
2016,79000,24000
2018,19000,145000
2021,57000,52000
2020,4880,57998
2018,6523,143900
2005,127000,14000
2002,89500,15999
2000,97000,27500
2021,31181,42442
2020,16425,33200
2022,11238,54798
2005,97146,7999
2015,36670,39998
2019,44800,52500
2015,150000,17100
2020,38400,32100
2008,7960,81500
2007,117000,9975
2023,159,95500
2017,30200,139000
2012,91545,8999
2015,110000,26499
2017,105100,23300
2012,110000,15600
2019,81778,32769
2010,168422,10900
2018,80500,34900
2018,81200,28825
2020,6246,267950
2017,20172,47500
2005,145000,22500
2009,162000,7500
2020,13554,124995
2007,59700,9500
2020,30930,28900
2009,51983,19999
2022,22000,50000
2023,16800,45000
2022,16000,73995
2020,22295,23599
2020,33000,188500
2023,1025,85000
2013,89190,15499
2020,53550,39687
2021,56946,26299
2016,11684,54900
2018,45617,51000
2018,75466,34500
2021,19513,84645
2021,15636,33531
2018,69600,40888
2011,138050,16500
2017,132269,35900
2020,45815,37700
2021,25352,48459
2008,120000,8995
2018,75151,45000
2016,74139,23000
1994,170443,6000
1995,70000,19000
2012,68500,17800
2020,37366,51890
2021,35315,66900
2017,61000,15995
2022,12050,41599
2001,150000,9875
2016,46200,41500
2014,88000,15500
2015,47000,30089
2017,50340,47000
2010,67800,13999
2002,150000,5500
2018,13500,54000
2007,101750,12900
2022,18385,37950
2008,123500,13500
2017,117000,38000
2010,86121,13600
2020,22466,45900
2017,80000,23800
2020,23152,28250
2006,91300,9200
2020,45000,28999
2023,1885,93500
2018,73049,30510
2021,7250,38000
2019,44000,29000
2014,85500,26900
2021,18083,43999
2005,22703,220000
2011,111000,10900
2013,115000,14000
2021,33400,28000
2007,136000,12500
2021,26800,44000
2022,30000,51999
2008,251634,10500
2005,119000,3500
2021,28121,89000
2009,111000,7900
2016,116500,14311
2005,199296,4900
2023,202,179000
2021,11200,47500
2020,56536,26599
2016,49600,32500
2023,13600,65000
2007,59700,10000
2018,19000,44888
2002,17300,33999
2014,91140,13500
2015,33000,65000
2019,52775,39799
2011,113000,5800
2022,13000,60000
2009,77925,16500
2011,106500,22500
2018,15175,19212
2017,137000,10995
2015,111000,15000
2019,49208,62425
2018,44000,39000
2017,26000,45500
2020,1800,76000
2021,3771,259991
2012,50000,26497
2018,93000,16000
2020,15000,129000
2016,119500,15000
2016,50000,36000
2011,85000,21500
2019,48000,29999
2021,11756,33400
2018,50400,28500
2012,153600,17500
2023,1869,164725
2022,31917,64683
2016,56235,50500
2019,28724,18300
2015,124400,9500
2020,137000,46000
2005,38686,99999
2022,6600,72900
2007,67200,11500
2021,16554,51698
2023,15736,67900
2005,153460,5800
2012,70000,15051
2011,143898,9950
2003,26190,22000
2000,209193,15900
2018,27839,41688
2018,141195,28499
2022,20250,68500
2022,18333,41599
2014,35000,29998
2006,133255,4000
2021,14526,79998
2014,43690,23500
2020,29136,58598
2017,72060,24590
2023,8800,68500
2015,85768,8250
2022,2235,110000
2019,121521,26772
2015,23700,144940
2013,124000,11900
2018,32260,20999
2015,92000,28000
2010,269885,22500
2008,51855,35900
2015,124000,12900
2015,26000,52500
2018,36500,25500
2022,1400,54900
2018,17000,38500
2021,42750,25698
2011,67998,30000
2008,64500,16000
2007,102000,24900
2004,145000,15500
2018,50000,55000
2004,37622,25500
2006,89987,9499
2015,136390,20470
1994,90000,2990
2015,27000,33000
2004,144770,6500
2011,157000,23500
2010,132000,8500
2002,137000,15000
2018,50992,28000
2010,105760,12900
2018,29800,68495
2019,21000,42000
1998,152195,9900
2006,169900,16900
2008,196000,6499
2009,180036,9100
2017,57918,33500
2017,98600,26500
2018,120000,55000
2022,14269,80000
2022,6875,89000
2019,55100,28324
2012,49000,41500
2009,74600,15000
2019,45900,41500
2015,95271,12468
2021,88883,33172
2013,43000,35000
2018,33700,12000
2016,95115,43640
2005,25250,44000
2007,20200,27500
2013,104457,17900
2018,8984,171900
2017,76000,41400
2020,56247,39244
1994,50750,15000
2016,61000,21000
2019,9111,27599
2015,100900,21998
2021,24207,43430
2022,9411,47998
2006,21000,47500
2019,136150,22500
2009,78414,28750
2019,60800,19900
2022,16400,34000
2018,62200,35707
2021,72903,53998
2003,142215,5000
2007,150000,8000
1998,49170,12500
2015,167500,18000
2016,110450,11000
2014,106000,23000
2017,92728,34900
2022,17000,44000
2016,75200,22000
2015,1800,64990
2019,36283,39598
2023,6682,47798
2018,23399,28999
2017,29720,29500
2009,56000,44850
2020,59419,73000
2018,69100,32500
2021,22185,131999
2008,29586,47900
2021,63866,41885
2016,135484,29748
2014,78500,17900
2012,7982,51900
2022,1795,269991
2022,1067,48000
2017,152000,15499
2011,185000,8900
2007,97724,19998
2020,22227,25980
2016,111000,13000
2019,32268,46500
2019,122009,18998
2020,57785,63995
2002,204884,21500
2003,179400,15000
2009,57000,14000
2021,25997,87000
2022,36555,64288
2023,989,122950
2007,28514,32000
2019,10400,40000
2020,51133,25800
1999,58800,15000
2018,85000,33000
2000,95200,11999
2015,68575,26000
2011,12300,45000
2018,13900,54490
2001,58800,9000
2016,30700,21500
2005,104000,44800
2019,139116,24899
2019,36700,48990
2022,24500,82150
2017,65000,65000
2021,27654,61998
2023,542,92500
2020,41000,38700
2011,47400,41000
2002,40110,18500
2014,124700,30000
2013,31000,35000
2022,7100,49000
2018,91677,26816
2009,107500,9500
2023,1518,194965
2023,5200,88900
1999,48054,9500
2018,87500,28000
2012,106335,19000
2017,133598,29999
2018,68455,30989
2018,28690,38880
2012,83000,31000
2019,38600,54500
2019,92000,30000
2009,134000,9500
2012,103000,20500
2004,176261,3750
2010,58500,20000
2018,64000,64000
2016,24881,49999
1998,134000,11500
2013,82900,16000
2008,59257,18200
2016,81400,26000
2022,5100,19500
2020,67072,38500
2016,65000,19500
2014,80800,10000
2020,53401,39500
2021,15555,62890
2006,201509,11000
2013,107000,14000
2020,30500,44000
2011,36000,20000
2019,38514,45998
2022,4590,64000
2019,97000,45000
2011,110000,6000
2017,53000,25000
2016,110000,30999
2006,218000,4999
2003,106500,9500
2012,140500,11800
2010,144200,9999
2022,21400,69000
2015,130000,24500
2012,108045,6500
2022,10000,28000
2011,75000,12000
2009,73500,7858
2018,29850,89750
2016,135350,19900
2022,16983,40998
2019,35580,49500
2020,71200,18900
2022,24778,36599
2015,109330,13349
2023,6645,43900
2007,90400,10199
2002,192100,6450
2018,32000,70000
2022,6400,41500
2021,36180,36990
2014,142400,13500
2016,83000,16500
2012,80000,14800
2021,32437,51000
2011,67500,18000
2021,25882,43837
2018,12088,169000
2005,170000,11200
2023,3763,92000
2018,46000,40000
2008,190321,15900
2018,40950,39750
2014,42000,45000
2014,135000,8500
2020,20655,42850
2023,1877,185950
2019,33000,59000
2016,68000,12500
2013,405000,6000
2018,117000,17000
2007,183455,7700
2021,51890,59980
2021,59528,68995
2006,123000,15000
2022,20000,29998
2021,38352,37400
2021,13344,83499
2008,44300,62000
2010,123500,9500
2013,134000,21500
2020,57000,37500
2021,100312,19980
2021,16146,239991
2012,61000,29000
2014,15889,34500
2015,125500,12950
2013,163500,16490
2015,89726,16000
2005,93000,22500
2012,128000,8500
2017,70800,52999
2009,115000,4400
2018,98650,56750
2019,87768,44000
2023,6000,48500
2021,28262,49998
2023,16200,36900
2012,87500,11499
2013,85458,9000
2022,16500,69500
2009,83853,6950
2022,22500,74999
2013,99524,24900
2023,8100,57300
2016,43073,17999
2023,12425,57619
2020,23195,38900
2011,118000,12500
2018,65290,26450
2001,47885,31995
2020,13000,39500
2018,29475,62999
2017,78717,17500
2021,9142,61500
2011,106000,9400
2022,3521,51074
2016,90000,16750
2016,46000,38000
2020,18362,60000
2013,164500,16500
2020,55018,25500
2022,36466,24980
2022,14280,36500
2013,116000,12500
2022,16184,46999
1997,132800,8500
2020,45000,33500
2013,102000,23000
2004,163000,18000
2023,3500,129000
2016,42526,66200
2012,144900,6000
2016,85000,32750
2022,16113,111000
2011,93000,11900
2022,11468,50204
2019,25470,32500
2014,90347,21800
2017,96000,34000
2016,80500,23000
2021,35000,37499
1995,49900,97993
2020,121212,18387
2018,14381,204900
2022,13500,86999
2019,33214,43500
2017,29719,31000
2022,4520,38500
2017,84129,14599
2019,72150,26999
2015,94500,30000
2017,88454,39999
2010,81696,9499
2005,94100,6099
2022,17500,46000
2016,132252,18998
2022,4437,42000
2018,70500,23000
1994,89144,5899
2008,170000,5199
2008,122000,10500
2008,57852,13900
2010,120321,10500
2004,178000,5750
2002,60255,28750
2019,77690,43500
2009,18000,78000
2001,125000,18000
2021,6449,35999
2019,33000,27500
2009,87130,20000
1998,165000,8700
2008,73000,11500
2020,22354,54900
2023,6188,53900
2019,60807,25925
2014,105000,10950
2018,63400,29900
2022,4500,86500
2020,8025,42433
2019,49131,55460
2017,100346,45999
2016,62285,29950
2021,5040,48900
2022,12940,46999
2015,98385,10500
2013,43903,12500
2017,41650,23600
2022,31850,60500
2013,96419,14999
2007,170000,7700
2009,139000,14500
2016,134655,18051
2015,81000,27890
2020,9989,324995
2022,46347,46120
2007,4048,38000
2015,79876,45750
2021,44000,18500
2017,56910,23000
2019,65019,40500
2009,133409,14999
2018,74381,22995
2023,2925,73300
2013,67874,18000
2018,71500,61000
2014,71000,22000
2018,64517,47995
2004,55000,24000
2019,7580,51500
2010,135000,3999
2019,62200,21500
2014,69001,19500
2021,28567,44775
2006,78049,13980
2021,36821,49273
2021,23292,73500
2010,162671,12000
2010,100472,9975
2017,73120,19950
2022,23300,67500
2018,71000,17500
2022,16648,70999
2011,240000,18500
2013,119755,19500
2015,88000,19500
2021,41000,50000
2022,7458,47500
2022,23000,43000
1998,149437,9995
2017,244000,35500
2019,46000,37900
2022,13133,42998
2017,45000,29999
2021,18385,29255
2020,25793,52999
2005,44400,29800
2016,104000,10500
2023,600,103000
2007,45000,7900
2022,24500,64000
2020,35569,21999
2020,35000,36999
2003,165000,4000
2021,15000,69000
2014,119750,15499
2007,90000,12000
2015,112000,14500
2008,150000,16800
2021,1912,240000
2015,82900,13995
2004,79500,12000
2019,60000,37000
2021,41800,44900
2021,71536,49685
2014,127558,13715
2023,13232,45000
2017,39000,31500
2023,11500,54490
2020,22200,36800
2023,7414,56515
2017,14586,209991
2021,32000,50927
2020,14700,27350
2016,79995,23995
2018,76000,44500
2014,62000,18987
2017,53500,28700
2022,9400,31999
2014,86500,20900
2011,148000,9900
2014,100080,22989
2018,2620,155700
2023,3099,74995
2020,78000,29500
2019,9005,319900
2022,16700,31000
2015,51300,17500
2018,8237,62900
2010,99000,6000
2021,62377,26288
2009,130000,15500
2016,94300,28999
2022,24115,46500
2016,82000,16995
2021,67686,15700
2014,96800,28450
1997,131000,5500
2020,23097,29900
2018,31000,197499
2021,28898,71000
2022,7250,35619
2014,59459,40999
2012,78000,22000
2021,24213,46500
2020,21165,46105
2016,107750,35500
2016,117000,26500
2006,39132,35000
2004,94500,9000
2017,50011,21495
2004,215000,7350
2022,16616,45999
2022,33818,46552
2022,9099,68362
2008,95798,9850
2016,35943,51700
2008,106000,4300
2023,10400,48000
2022,2894,63900
2022,15592,39985
2020,33548,57999
2016,185000,7500
2023,6483,96900
2020,28886,35645
2020,26293,49998
2017,62000,34500
2017,101453,18500
2013,106385,42900
2012,86629,20995
2018,61258,49999
2014,121500,15999
2022,100,62499
2015,170000,5995
2010,232000,3000
2006,95000,12500
2013,103466,14200
2011,133121,7900
2012,162731,14500
2014,64500,37500
2021,568,90788
1999,249083,3500
2015,80300,23999
2004,187000,6299
2009,181870,6500
2022,22600,76740
2020,37000,50000
2022,9728,89000
2006,152000,13995
2004,60260,30500
2004,33362,17599
2021,47907,38436
2016,17340,29000
1994,85000,7900
2011,195500,8999
2000,74000,4700
2015,140500,14000
2006,212500,6500
2010,77400,34500
2017,118000,15000
2005,4400,1599000
2016,146200,24500
2020,39000,43000
2005,130000,7200
2021,33080,47850
2023,1219,46479
2016,41000,25000
2004,110897,11500
2016,49000,75000
2007,47000,13300
2018,57690,15900
2012,17941,226000
2018,54000,46500
2007,101600,6700
2021,89000,34000
2021,18000,42500
2017,55000,25000
2017,71964,18750
2020,92000,50000
2012,160000,4500
2012,95816,12000
2014,132600,17000
1994,47000,5990
2010,149460,10700
2011,109646,16998
2019,90605,27698
2019,59000,17000
2002,48000,21999
2016,41500,66000
2012,54000,75000
2018,70455,45855
2018,84054,21499
2007,114528,9000
2013,111850,26500
2020,52673,69500
2021,31500,54500
2011,73000,16000
2019,59692,35900
2016,68364,16000
2017,47200,29000
2021,18000,62000
2012,158366,8250
2017,49700,26000
2010,81500,12250
2019,16975,26990
2018,5989,209000
2003,16100,35500
2020,54225,67500
2016,89500,35000
2013,87501,17777
2018,12370,28900
2019,12466,28995
2011,199000,5500
2007,78200,22999
2018,22000,29500
2016,100795,12995
2019,99941,17816
2021,23588,38633
2003,103000,5200
2009,91491,7000
2020,23131,23739
2019,77000,18749
2019,20500,76000
2022,500,45900
2019,49810,33900
2022,20229,36727
2021,10558,75000
2005,59300,30900
2004,34254,64250
2021,24364,37998
2016,139200,22000
2012,82046,13999
1997,285000,6399
2017,26269,25307
2016,127131,16770
2019,31000,179900
2021,27000,38400
2015,93400,18900
2021,9200,71200
2014,76850,32999
2016,61160,98000
2005,146000,15900
2017,38957,46750
2017,33850,16500
2020,61830,39860
2017,108559,15998
2006,192000,7390
2014,83112,15500
2016,52000,52000
2020,57300,43500
2008,104500,4100
1996,170552,6500
2013,18000,29000
2019,39000,51999
2020,38000,45000
2016,15168,115000
2012,167506,6500
2012,166000,13000
2021,19200,82950
2022,46000,75000
2007,201000,7200
2014,87000,8900
2015,145000,24950
2020,33060,36500
1995,195000,15000
2021,10550,67800
2014,89500,18000
2021,27000,37500
2010,87250,18500
2016,76495,13000
2016,70503,15500
2009,41965,35000
1999,267000,8000
2003,146000,4200
2023,9000,82500
2022,1050,40000
2021,22270,89900
2012,19900,26500
2020,19800,44990
2012,113500,17900
2013,22000,150000
2022,3300,54000
2016,41615,12000
2022,11860,92500
2015,27000,52500
2022,22101,29430
1996,60000,18500
2013,46452,22888
2019,36000,26500
2019,13100,61950
2019,50000,27000
2018,19500,32250
2016,36000,31000
2016,21000,217000
2022,6640,51999
2016,74850,21900
2014,117000,10900
2016,51400,39900
2022,6000,57999
2006,128000,37999
2021,15000,39995
2016,119000,29950
2006,87500,12999
2011,149000,7999
2015,54700,20995
2021,45979,38532
2017,56846,29000
2017,94100,49900
2017,80150,22500
2013,11563,12300
2022,7500,84000
2021,15615,78000
2013,113000,16000
2018,74000,15000
2011,99200,11900
2018,36824,23999
2005,186040,6700
2020,58000,27700
2020,31250,42500
2020,43000,46500
2020,41199,41598
2022,22000,45000
2022,12900,53000
2022,10500,50000
2020,74725,21612
2021,61117,26485
2003,142000,4800
2019,31000,34700
2012,129355,7950
2010,204000,4900
2016,115600,22500
2023,1563,62500
2007,72166,35995
2018,26100,37899
2017,58880,21000
2021,26000,104000
2008,190640,5500
2020,37500,59900
2022,13856,54000
2013,225000,13600
2014,123256,24995
2021,11459,88900
2016,67289,20490
2013,56837,10500
2002,44168,30000
2019,59766,26900
2018,56300,29950
2004,167000,8000
2015,122770,27499
2019,59271,54995
2015,102000,24500
2020,40929,44800
2019,22000,174900
2022,19200,69790
2019,32376,128000
2023,19800,134900
2011,105000,10000
2016,122650,38900
2022,14000,34999
2008,100868,15397
2013,111000,15000
2021,38500,94995
2020,41250,21865
2006,99600,5500
2013,198000,11000
2021,20598,42599
2013,52044,76500
2022,23777,30000
2018,60660,46900
2015,26000,14999
2018,61000,21800
2020,53750,32600
2023,13735,77897
2019,32580,33998
2006,96275,52500
2015,162000,32000
2019,92040,24999
2017,73690,27000
2009,48750,17900
2011,124542,8450
2010,69000,20000
2004,148000,19000
2006,122141,10500
2012,106000,15000
2017,113294,16500
2021,24423,44315
2022,28000,68750
2018,54800,37050
2017,161000,17500
2019,28755,61350
2016,52105,20499
2018,119950,20999
2003,80081,12500
2021,24500,165000
2021,4100,55000
2020,9670,103500
2017,63250,18650
2017,69431,26500
2015,108044,31380
2008,98000,13998
2019,52253,34500
2022,23850,99750
2015,1500,39500
2021,40000,32500
2012,38718,31000
2018,84184,35998
2021,13344,56500
2018,51850,28900
2002,119500,36995
2021,30918,51999
2023,1100,92000
2019,40000,27900
2005,100500,9998
2020,54320,67000
2018,49000,23450
2020,28000,134999
2022,1750,275000
2007,130000,3499
2023,3721,69645
2016,78101,34500
2017,54000,16000
2011,185000,7500
2015,49000,23500
2024,2043,81500
2016,71750,28000
2020,5194,87500
2019,42200,27500
2020,42717,33500
2016,102260,31300
2022,11089,80900
2018,37777,32500
2021,35921,42995
2023,1800,54900
2014,163019,8900
2020,14220,35500
2019,48879,49573
2002,117200,15000
2016,25000,65000
2014,74500,11499
2013,33300,21990
2007,123921,6900
2021,12800,39990
2015,21100,80000
2009,104733,15000
2020,53000,38500
2021,17570,39998
2020,63875,41900
2023,12500,29999
2001,103990,10500
2022,7000,50000
2023,9000,92000
2007,7800,19000
2017,69289,20997
2011,106000,16600
2020,68000,55999
2019,13828,43000
2018,39600,26999
2003,92000,12500
2022,5020,36500
2007,107800,15000
2019,23827,34995
2020,25300,39900
2016,399000,24500
2005,46200,49999
2022,3158,85989
2021,26000,30900
2020,12758,107900
2007,123500,27000
2018,26840,42500
2021,17836,31933
2012,114500,16100
2022,5400,89900
2016,17500,15100
2017,56000,44600
2020,20800,19000
2015,107543,13200
2012,206000,5000
2018,37100,46000
2019,19813,51900
2010,208321,3500
2012,200000,9995
2012,66000,10999
2018,41000,113000
2019,20623,36800
2018,86000,26900
2022,1766,209995
2016,51354,73000
2021,38000,72980
2015,161000,11500
2012,74750,12500
2013,67522,59500
2012,152000,9000
2019,71273,23900
2017,37800,32500
2019,42000,48990
2022,10101,44990
2022,7900,92500
2020,45468,45999
2017,187141,16995
2014,99100,32000
2021,33500,34000
2016,102665,15450
2001,52675,16995
2017,59203,23000
2009,60100,27000
2021,43238,76400
2007,118000,3600
2021,17300,31000
2016,64800,50000
2022,1408,46798
2015,15167,35000
2016,64600,41000
2022,31112,83000
2018,23250,57000
2011,63500,10500
2022,13464,46999
2001,64776,7500
2022,9601,33498
2013,135000,14000
2013,208864,7500
2016,49872,21500
2009,90367,9250
2014,36670,82499
2023,3752,84620
2021,30761,44950
2022,13438,46599
2020,9100,49895
2017,100600,10000
2011,223824,4500
2016,96000,21990
2004,185000,10500
2021,6900,79999
2017,96400,18500
2018,67865,36500
2015,64300,44850
2018,76500,33500
2017,96343,53000
2018,74600,24000
2014,157530,9995
2022,15000,95999
2012,80000,30000
2018,83424,45000
2021,19000,37999
2013,64000,67000
2019,34068,46900
2021,20104,33295
2022,8400,59950
2021,11938,209000
2021,24670,72500
2013,16478,66400
2018,52500,35000
2004,92500,12000
2008,62930,10000
2007,116600,19975
2010,172024,7500
2012,57237,22500
2020,44600,28300
2013,181830,21000
2021,39948,36791
2017,156453,40000
2014,156193,36000
2020,27989,29000
2014,146700,24999
2019,88450,42900
2020,14065,27671
2020,36844,30427
2020,49000,44900
2013,58000,17900
2021,22800,52000
2014,78007,14750
2020,36500,69900
2004,156350,3990
2021,17710,59000
2013,149000,7850
2015,90000,16000
2022,9990,64500
2019,28663,29500
2015,124250,17900
2017,50780,61000
2006,65000,43000
2022,22457,40036
2022,19361,38298
2017,43000,16500
1993,115000,21900
2020,2076,115998
2018,9712,188900
2005,131000,16500
2022,31000,43000
2021,24158,44900
2016,72865,22000
2014,89563,18995
2012,72639,15000
2012,79000,19999
2012,111564,11200
2018,75000,38095
2007,169613,5900
2011,175000,9000
2017,98500,24500
2012,53000,13750
2015,72200,52500
2005,151600,7899
2011,20000,51000
2010,170000,9000
2019,69800,34600
2020,26300,46199
2007,156111,5200
2016,172600,32500
2010,145000,9000
2001,64309,7500
2021,15183,90000
2020,28548,32063
2022,14000,46900
2019,67000,44500
2017,84786,23500
2008,93000,17800
2010,127500,6000
2022,8000,60999
2022,16500,32900
2013,55700,27200
2021,42245,76598
2009,78500,12000
2018,48619,51499
2021,51105,42700
2016,25880,25500
2021,20100,69995
2018,25083,34955
2002,69300,9995
2019,46000,40000
2008,141485,6500
2018,63990,48000
2020,19400,58000
2013,129858,13490
2012,102000,10800
2010,8700,39900
2018,49279,17500
2004,148800,6500
2012,160249,12900
2004,45000,6000
2006,169000,19500
2017,46000,56000
2019,13900,315000
2015,38000,21900
2006,42000,42000
2024,300,50999
2008,120800,13900
2020,76313,35234
2012,104000,16500
2010,97097,22000
2008,136731,15900
2017,40200,24000
2021,39105,44605
2017,23567,215000
2021,12500,90000
2019,38900,34700
2016,84272,25221
2016,58375,24999
2007,7346,40999
2008,98231,15500
2007,56000,18000
2020,13935,26000
2019,30000,21250
2009,106000,12950
2014,82978,18700
2018,58500,35000
2015,92421,51900
2020,9927,27518
2000,122945,13900
2006,110250,11000
2011,103010,13500
2017,55359,15599
2002,118500,5900
2022,7800,92500
2020,41500,68000
2020,28000,59900
2014,53500,24500
2021,33523,28748
2016,86300,18000
2022,7738,33000
2020,22001,173995
2022,14361,51500
2016,98000,30000
2022,30455,37698
2020,64552,36750
2017,103866,24700
2019,35650,57999
2021,64957,39979
2012,33700,33500
2012,96653,7500
2022,29500,31000
2021,7400,116999
2012,69000,15900
2005,198000,15500
2015,23600,132900
2008,170000,7000
2008,76500,28000
2007,73500,75499
2020,29000,70000
2017,69404,29500
2007,103000,12900
2015,70500,26500
2016,64000,36995
2018,63460,33000
2018,32199,35500
2020,69487,32000
2015,86000,49000
2022,8730,48219
2002,70000,8000
2017,70000,17900
2015,83420,16000
2003,189000,2899
2017,31500,97555
2015,85766,13000
2018,92800,34000
2021,13970,75500
2023,154,274900
2000,265000,15500
2011,95426,8000
2001,119900,18000
2020,23162,25495
2023,3950,83500
2006,80000,43000
2015,94634,32500
2007,65000,33885
2008,100000,11500
2023,500,59500
2021,7856,425000
2011,181000,5500
2018,48700,27900
2009,13500,130000
2017,87500,20000
2000,45000,12500
1996,85760,14500
2018,36187,28895
2022,13666,27999
2007,50500,56000
2021,19291,44340
2012,1295,49990
2017,55000,49900
2010,74000,9650
2022,14976,49999
2018,25348,33889
2010,23133,35000
2018,34322,29998
2021,39960,28500
2016,76400,31300
2022,18533,38978
2023,7500,92888
2022,26520,64000
2014,59500,33800
2020,44000,34999
2001,111000,11000
2016,82260,31906
2006,52744,37500
2019,28200,79950
2000,194277,2300
2001,91812,12850
2018,84224,43775
2018,66690,24900
2018,41500,39848
2014,85095,24900
2015,39000,17900
2022,20500,46500
2019,112000,61995
2023,1716,39998
2016,90360,15499
2020,82146,30825
2020,16850,41000
2003,101000,28000
2015,68750,25999
2018,5858,491836
2004,143000,3200
2005,152270,6900
2021,19605,33591
2020,19200,69999
2004,64500,5900
2011,149000,18995
2018,5918,179900
1997,134033,7200
2019,37226,34998
2017,71924,13700
2021,5718,279991
2014,122200,21500
2020,37248,54500
1999,88750,6800
2008,64800,24700
2014,112180,12599
2015,149130,35000
2020,88000,35500
2018,74000,27950
2019,44460,34500
2015,96000,17000
2005,75000,17500
2014,95000,17900
2016,49799,37500
2006,27407,21750
2020,23339,34645
2016,74122,35900
1997,50000,6000
2021,14745,38998
2021,2700,85950
2012,190000,6000
2014,90236,9999
2020,4000,50000
2022,2220,115999
2017,124000,32000
2019,45163,35690
2020,49400,20900
2020,11256,124900
2021,13700,75000
2011,174678,9500
2022,1600,59000
2019,15509,229900
2020,69849,48149
2008,160000,17000
2016,40000,9500
2007,228000,3850
2008,187000,6100
2015,102000,17000
2016,48000,24995
2012,163500,5949
2023,1500,149000
2021,2100,136900
2018,66281,63500
2021,18000,39499
2014,27300,21500
2020,19319,24899
2016,32936,90000
2017,30450,52999
2017,38200,29500
2020,26315,31871
2003,110000,8900
2014,19700,13500
2008,192000,11000
2017,26000,116911
2008,98313,7495
2021,66500,28500
2022,19877,18999
2021,16100,25500
2016,83858,27633
2020,24108,56000
2020,42609,32107
2017,160000,7750
2017,121525,28500
2023,6423,42500
2007,62310,12900
2021,21444,29995
2015,112000,29500
2013,60000,16500
2013,153250,4399
2019,57000,39900
2011,140401,16000
2023,5500,70000
2022,2010,89000
2018,24360,31500
2013,96800,11000
2014,34988,21500
2012,65750,15995
2019,56654,43860
2016,140200,10500
2016,122971,12999
2008,227010,3850
2004,271000,9500
2022,13800,234000
2001,171079,27500
2021,24915,44791
2022,15577,19599
2014,102370,21373
2011,16000,229000
2012,122000,15000
2016,48500,15999
2018,53500,31500
2004,315000,9200
2006,158000,8500
2019,43850,30000
2015,73500,19000
2014,153350,9000
2019,74000,25500
2013,52000,17500
2022,250,52000
2017,145000,8500
2020,40971,32500
2010,248000,14000
2023,940,146000
2018,38000,60500
2016,128000,19500
2022,7455,68990
1999,137790,12000
2016,92000,19995
2001,21450,36000
2021,43875,29725
2009,81327,17500
2021,72836,41000
2020,5072,279950
2007,161900,4800
2022,24500,47000
2018,14993,44900
2019,96000,14980
2022,7900,108000
2019,35566,26000
2008,113000,34000
2022,20678,46000
2008,10900,129000
2012,19079,15995
2008,155500,6800
2019,35500,32300
2021,52253,25215
2004,110000,8500
2016,59250,18999
2004,39000,22000
2008,155000,37000
2017,39250,28900
2020,23647,37998
2014,127941,7500
2014,124000,24850
2023,1500,60000
2014,70700,15750
2013,113395,18800
2022,18815,61998
2014,65000,27999
2019,23350,48000
2019,39000,34000
2019,48842,39857
2015,47800,11500
2022,52000,28000
2006,16000,22000
2023,7102,40995
2015,157000,17000
2023,9095,59000
2010,179700,4500
2006,170000,7500
2022,3420,399950
2021,93400,69995
2011,110000,12000
2016,22500,78000
2013,20800,19795
2018,100868,23400
2012,131986,9000
2016,127770,13800
2013,56985,65900
2014,106000,11800
2019,92671,50000
2019,49500,55900
2020,16741,112500
2011,133504,23500
2019,20296,30599
2019,55234,19290
2005,162482,11000
2002,42000,11000
2022,470,71900
2006,98300,15900
2013,53900,27450
2013,82849,19999
2009,25500,79995
2020,53452,16995
2004,40011,23500
2018,45800,20900
2022,15741,45999
2023,11100,40200
2020,36000,44000
2013,69750,15999
2021,19162,38500
2023,6046,51598
2020,17000,21000
2019,10832,42500
2004,173452,4000
2017,103338,17238
2022,28000,53500
2019,51984,44870
2020,8974,79900
2014,99999,10998
2017,59400,21000
2020,47147,23625
2018,53782,29950
2011,160000,4700
2015,500,37000
2020,42000,19000
2018,64000,35000
2021,28600,23999
2019,26339,36750
2018,28644,41500
2008,148740,14500
2021,16919,73000
2005,170000,9000
2013,130000,26900
2022,1889,32850
2018,62197,26691
2016,71000,24350
2016,83400,22495
2019,74414,26000
2010,29816,38000
2015,68749,45000
2005,190395,5000
2015,34152,185500
2007,98528,7450
2011,91500,13599
2017,50850,37000
1999,130000,9000
2005,199400,8500
2013,84220,26500
2016,67280,41999
2021,16538,25998
2018,66000,51000
2018,53450,49999
2018,63277,20900
2020,30900,21000
2019,60854,25498
2015,85000,31000
2016,108130,18500
2023,11400,46000
2013,63300,22800
2020,27500,44000
2012,122600,12900
2006,145565,4500
2016,66500,27000
2017,75000,20000
2021,24781,28991
2013,67000,24500
2019,24500,31000
2013,37500,26000
2013,101000,59000
2020,25000,49995
2000,245000,2500
2021,49252,37999
2016,103814,14995
2021,27000,48500
2021,60942,32085
2011,100780,12000
2018,65000,41000
2012,167000,19470
2008,161000,17000
2005,90200,12499
2012,159870,9750
1996,38000,75000
2022,14550,41500
2018,38000,32000
2002,35515,21000
1993,94200,2500
2008,33300,34500
2016,90189,17995
2023,1148,193063
2001,59500,6500
2017,134000,26500
2014,86281,18900
2020,34580,56000
2007,145000,4200
2021,11737,33687
2020,25535,68969
2016,67499,27500
2004,220450,8550
2018,20200,42950
2000,40000,15400
2015,80300,22000
2017,63150,21500
2018,48210,24999
2012,115359,9950
2018,90601,26000
2000,132200,26900
2023,4000,65000
2019,32000,32750
2016,95070,12750
2017,148000,13000
2014,125519,16000
2013,90000,14500
2018,49650,23750
2015,149800,11600
2019,37161,26990
2000,188000,10000
2016,111700,15500
2016,72784,34900
2007,150000,9999
2012,140450,8500
2010,132700,10700
2020,49000,40000
2023,2058,101999
2019,23442,44500
2021,23749,35999
2021,35048,52590
2016,91239,17500
2022,2950,131000
2019,59678,33700
2022,2010,55000
2014,80354,13310
2018,105674,34995
2013,92700,20800
2016,101387,16000
2021,36544,33290
2019,41000,39900
2013,115872,9500
2011,135603,7000
2020,26540,46995
2011,35134,12400
2020,49990,53000
2011,153818,29800
2017,58060,26000
2015,36000,84999
2022,17000,69999
2013,99982,6900
2019,106000,12000
1994,178416,9000
2014,82500,15000
2018,41500,61000
2015,92984,17000
2007,120000,6750
2015,25548,49000
2018,65441,38000
2020,39611,89900
2010,154860,17900
2021,7008,151900
2022,21057,99800
2016,39750,21995
2003,14900,32850
2018,71312,17899
2015,43500,66500
2020,34000,59335
2021,32250,36000
2011,194000,3500
2023,2000,175000
2018,53705,25900
2023,714,349950
2022,10900,53900
2022,2116,90998
2020,33000,62999
2020,43000,40000
